File_Name,Label
Sample_ADC_10_P2_500B.npy,0
Sample_ADC_11_P2_500B.npy,0
Sample_ADC_12_P2_500B.npy,0
Sample_ADC_13_P2_500B.npy,0
Sample_ADC_14_P2_500B.npy,0
Sample_ADC_15_P2_500B.npy,0
Sample_ADC_16_P2_500B.npy,0
Sample_ADC_17_P2_500B.npy,0
Sample_ADC_18_P2_500B.npy,0
Sample_ADC_19_P2_500B.npy,0
Sample_ADC_1_45_degree_P1_500B.npy,0
Sample_ADC_1_55_degree_P1_500B.npy,0
Sample_ADC_1_65_degree_P1_500B.npy,0
Sample_ADC_1_Max_degree_P1_500B.npy,0
Sample_ADC_1_P2_500B.npy,0
Sample_ADC_20_P2_500B.npy,0
Sample_ADC_21_P2_500B.npy,0
Sample_ADC_22_P2_500B.npy,0
Sample_ADC_23_P2_500B.npy,0
Sample_ADC_24_P2_500B.npy,0
Sample_ADC_25_P2_500B.npy,0
Sample_ADC_26_P2_500B.npy,0
Sample_ADC_27_P2_500B.npy,0
Sample_ADC_28_P2_500B.npy,0
Sample_ADC_29_P2_500B.npy,0
Sample_ADC_2_45_degree_P1_500B.npy,0
Sample_ADC_2_55_degree_P1_500B.npy,0
Sample_ADC_2_65_degree_P1_500B.npy,0
Sample_ADC_2_Max_degree_P1_500B.npy,0
Sample_ADC_2_P2_500B.npy,0
Sample_ADC_3_45_degree_P1_500B.npy,0
Sample_ADC_3_55_degree_P1_500B.npy,0
Sample_ADC_3_65_degree_P1_500B.npy,0
Sample_ADC_3_Max_degree_P1_500B.npy,0
Sample_ADC_3_P2_500B.npy,0
Sample_ADC_4_45_degree_P1_500B.npy,0
Sample_ADC_4_55_degree_P1_500B.npy,0
Sample_ADC_4_65_degree_P1_500B.npy,0
Sample_ADC_4_Max_degree_P1_500B.npy,0
Sample_ADC_4_P2_500B.npy,0
Sample_ADC_5_45_degree_P1_500B.npy,0
Sample_ADC_5_55_degree_P1_500B.npy,0
Sample_ADC_5_65_degree_P1_500B.npy,0
Sample_ADC_5_Max_degree_P1_500B.npy,0
Sample_ADC_5_P2_500B.npy,0
Sample_ADC_6_P2_500B.npy,0
Sample_ADC_7_P2_500B.npy,0
Sample_ADC_8_P2_500B.npy,0
Sample_ADC_9_P2_500B.npy,0
Sample_ADO_10_P2_500B.npy,1
Sample_ADO_11_P2_500B.npy,1
Sample_ADO_12_P2_500B.npy,1
Sample_ADO_13_P2_500B.npy,1
Sample_ADO_14_P2_500B.npy,1
Sample_ADO_15_P2_500B.npy,1
Sample_ADO_16_P2_500B.npy,1
Sample_ADO_17_P2_500B.npy,1
Sample_ADO_18_P2_500B.npy,1
Sample_ADO_19_P2_500B.npy,1
Sample_ADO_1_45_degree_P1_500B.npy,1
Sample_ADO_1_55_degree_P1_500B.npy,1
Sample_ADO_1_65_degree_P1_500B.npy,1
Sample_ADO_1_Max_degree_P1_500B.npy,1
Sample_ADO_1_P2_500B.npy,1
Sample_ADO_20_P2_500B.npy,1
Sample_ADO_21_P2_500B.npy,1
Sample_ADO_22_P2_500B.npy,1
Sample_ADO_23_P2_500B.npy,1
Sample_ADO_24_P2_500B.npy,1
Sample_ADO_25_P2_500B.npy,1
Sample_ADO_26_P2_500B.npy,1
Sample_ADO_27_P2_500B.npy,1
Sample_ADO_28_P2_500B.npy,1
Sample_ADO_29_P2_500B.npy,1
Sample_ADO_2_45_degree_P1_500B.npy,1
Sample_ADO_2_55_degree_P1_500B.npy,1
Sample_ADO_2_65_degree_P1_500B.npy,1
Sample_ADO_2_Max_degree_P1_500B.npy,1
Sample_ADO_2_P2_500B.npy,1
Sample_ADO_3_45_degree_P1_500B.npy,1
Sample_ADO_3_55_degree_P1_500B.npy,1
Sample_ADO_3_65_degree_P1_500B.npy,1
Sample_ADO_3_Max_degree_P1_500B.npy,1
Sample_ADO_3_P2_500B.npy,1
Sample_ADO_4_45_degree_P1_500B.npy,1
Sample_ADO_4_55_degree_P1_500B.npy,1
Sample_ADO_4_65_degree_P1_500B.npy,1
Sample_ADO_4_Max_degree_P1_500B.npy,1
Sample_ADO_4_P2_500B.npy,1
Sample_ADO_5_45_degree_P1_500B.npy,1
Sample_ADO_5_55_degree_P1_500B.npy,1
Sample_ADO_5_65_degree_P1_500B.npy,1
Sample_ADO_5_Max_degree_P1_500B.npy,1
Sample_ADO_5_P2_500B.npy,1
Sample_ADO_6_P2_500B.npy,1
Sample_ADO_7_P2_500B.npy,1
Sample_ADO_8_P2_500B.npy,1
Sample_ADO_9_P2_500B.npy,1
Sample_BD_10_10_degree_P2_500B.npy,2
Sample_BD_10_15_degree_P2_500B.npy,2
Sample_BD_1_10_degree_P2_500B.npy,2
Sample_BD_1_15_degree_P2_500B.npy,2
Sample_BD_1_30_degree_P2_500B.npy,2
Sample_BD_1_45_degree_P2_500B.npy,2
Sample_BD_1_55_degree_P2_500B.npy,2
Sample_BD_1_65_degree_P2_500B.npy,2
Sample_BD_2_10_degree_P2_500B.npy,2
Sample_BD_2_15_degree_P2_500B.npy,2
Sample_BD_2_30_degree_P2_500B.npy,2
Sample_BD_2_45_degree_P2_500B.npy,2
Sample_BD_2_55_degree_P2_500B.npy,2
Sample_BD_2_65_degree_P2_500B.npy,2
Sample_BD_3_10_degree_P2_500B.npy,2
Sample_BD_3_15_degree_P2_500B.npy,2
Sample_BD_3_30_degree_P2_500B.npy,2
Sample_BD_3_45_degree_P2_500B.npy,2
Sample_BD_3_55_degree_P2_500B.npy,2
Sample_BD_3_65_degree_P2_500B.npy,2
Sample_BD_4_10_degree_P2_500B.npy,2
Sample_BD_4_15_degree_P2_500B.npy,2
Sample_BD_4_30_degree_P2_500B.npy,2
Sample_BD_4_45_degree_P2_500B.npy,2
Sample_BD_4_55_degree_P2_500B.npy,2
Sample_BD_4_65_degree_P2_500B.npy,2
Sample_BD_5_10_degree_P2_500B.npy,2
Sample_BD_5_15_degree_P2_500B.npy,2
Sample_BD_5_30_degree_P2_500B.npy,2
Sample_BD_5_45_degree_P2_500B.npy,2
Sample_BD_5_55_degree_P2_500B.npy,2
Sample_BD_5_65_degree_P2_500B.npy,2
Sample_BD_6_10_degree_P2_500B.npy,2
Sample_BD_6_15_degree_P2_500B.npy,2
Sample_BD_6_30_degree_P2_500B.npy,2
Sample_BD_6_45_degree_P2_500B.npy,2
Sample_BD_6_55_degree_P2_500B.npy,2
Sample_BD_6_65_degree_P2_500B.npy,2
Sample_BD_7_10_degree_P2_500B.npy,2
Sample_BD_7_15_degree_P2_500B.npy,2
Sample_BD_7_30_degree_P2_500B.npy,2
Sample_BD_7_45_degree_P2_500B.npy,2
Sample_BD_7_55_degree_P2_500B.npy,2
Sample_BD_7_65_degree_P2_500B.npy,2
Sample_BD_8_10_degree_P2_500B.npy,2
Sample_BD_8_15_degree_P2_500B.npy,2
Sample_BD_8_45_degree_P2_500B.npy,2
Sample_BD_8_55_degree_P2_500B.npy,2
Sample_BD_8_65_degree_P2_500B.npy,2
Sample_BD_9_10_degree_P2_500B.npy,2
Sample_BD_9_15_degree_P2_500B.npy,2
Sample_BD_9_55_degree_P2_500B.npy,2
Sample_BD_9_65_degree_P2_500B.npy,2
Sample_BD_Repeat_10_10_degree_P2_500B.npy,2
Sample_BD_Repeat_1_10_degree_P2_500B.npy,2
Sample_BD_Repeat_1_15_degree_P2_500B.npy,2
Sample_BD_Repeat_1_30_degree_P2_500B.npy,2
Sample_BD_Repeat_1_45_degree_P2_500B.npy,2
Sample_BD_Repeat_1_55_degree_P2_500B.npy,2
Sample_BD_Repeat_1_65_degree_P2_500B.npy,2
Sample_BD_Repeat_2_10_degree_P2_500B.npy,2
Sample_BD_Repeat_2_15_degree_P2_500B.npy,2
Sample_BD_Repeat_2_30_degree_P2_500B.npy,2
Sample_BD_Repeat_2_45_degree_P2_500B.npy,2
Sample_BD_Repeat_2_55_degree_P2_500B.npy,2
Sample_BD_Repeat_2_65_degree_P2_500B.npy,2
Sample_BD_Repeat_3_10_degree_P2_500B.npy,2
Sample_BD_Repeat_3_15_degree_P2_500B.npy,2
Sample_BD_Repeat_3_30_degree_P2_500B.npy,2
Sample_BD_Repeat_3_45_degree_P2_500B.npy,2
Sample_BD_Repeat_3_55_degree_P2_500B.npy,2
Sample_BD_Repeat_3_65_degree_P2_500B.npy,2
Sample_BD_Repeat_4_10_degree_P2_500B.npy,2
Sample_BD_Repeat_4_15_degree_P2_500B.npy,2
Sample_BD_Repeat_4_30_degree_P2_500B.npy,2
Sample_BD_Repeat_4_45_degree_P2_500B.npy,2
Sample_BD_Repeat_4_55_degree_P2_500B.npy,2
Sample_BD_Repeat_4_65_degree_P2_500B.npy,2
Sample_BD_Repeat_5_10_degree_P2_500B.npy,2
Sample_BD_Repeat_5_15_degree_P2_500B.npy,2
Sample_BD_Repeat_5_30_degree_P2_500B.npy,2
Sample_BD_Repeat_5_45_degree_P2_500B.npy,2
Sample_BD_Repeat_5_55_degree_P2_500B.npy,2
Sample_BD_Repeat_5_65_degree_P2_500B.npy,2
Sample_BD_Repeat_6_10_degree_P2_500B.npy,2
Sample_BD_Repeat_6_15_degree_P2_500B.npy,2
Sample_BD_Repeat_6_30_degree_P2_500B.npy,2
Sample_BD_Repeat_6_45_degree_P2_500B.npy,2
Sample_BD_Repeat_6_55_degree_P2_500B.npy,2
Sample_BD_Repeat_6_65_degree_P2_500B.npy,2
Sample_BD_Repeat_7_10_degree_P2_500B.npy,2
Sample_BD_Repeat_7_15_degree_P2_500B.npy,2
Sample_BD_Repeat_7_30_degree_P2_500B.npy,2
Sample_BD_Repeat_7_45_degree_P2_500B.npy,2
Sample_BD_Repeat_7_55_degree_P2_500B.npy,2
Sample_BD_Repeat_7_65_degree_P2_500B.npy,2
Sample_BD_Repeat_8_10_degree_P2_500B.npy,2
Sample_BD_Repeat_8_15_degree_P2_500B.npy,2
Sample_BD_Repeat_8_45_degree_P2_500B.npy,2
Sample_BD_Repeat_8_55_degree_P2_500B.npy,2
Sample_BD_Repeat_8_65_degree_P2_500B.npy,2
Sample_BD_Repeat_9_10_degree_P2_500B.npy,2
Sample_BD_Repeat_9_15_degree_P2_500B.npy,2
Sample_BD_Repeat_9_45_degree_P2_500B.npy,2
Sample_BD_Repeat_9_65_degree_P2_500B.npy,2
Sample_BH_1_0_degree_P1_500B.npy,3
Sample_BH_1_0_degree_P2_500B.npy,3
Sample_BH_1_10_degree_P1_500B.npy,3
Sample_BH_1_15_degree_P2_500B.npy,3
Sample_BH_1_22_degree_P1_500B.npy,3
Sample_BH_1_30_degree_P2_500B.npy,3
Sample_BH_1_45_degree_P1_500B.npy,3
Sample_BH_1_45_degree_P2_500B.npy,3
Sample_BH_1_55_degree_P1_500B.npy,3
Sample_BH_1_55_degree_P2_500B.npy,3
Sample_BH_1_65_degree_P1_500B.npy,3
Sample_BH_1_65_degree_P2_500B.npy,3
Sample_BH_1_Max_degree_P1_500B.npy,3
Sample_BH_1_Max_degree_P2_500B.npy,3
Sample_BH_2_0_degree_P1_500B.npy,3
Sample_BH_2_0_degree_P2_500B.npy,3
Sample_BH_2_10_degree_P1_500B.npy,3
Sample_BH_2_15_degree_P2_500B.npy,3
Sample_BH_2_22_degree_P1_500B.npy,3
Sample_BH_2_30_degree_P2_500B.npy,3
Sample_BH_2_45_degree_P1_500B.npy,3
Sample_BH_2_45_degree_P2_500B.npy,3
Sample_BH_2_55_degree_P1_500B.npy,3
Sample_BH_2_55_degree_P2_500B.npy,3
Sample_BH_2_65_degree_P1_500B.npy,3
Sample_BH_2_65_degree_P2_500B.npy,3
Sample_BH_2_Max_degree_P1_500B.npy,3
Sample_BH_2_Max_degree_P2_500B.npy,3
Sample_BH_3_0_degree_P1_500B.npy,3
Sample_BH_3_0_degree_P2_500B.npy,3
Sample_BH_3_10_degree_P1_500B.npy,3
Sample_BH_3_15_degree_P2_500B.npy,3
Sample_BH_3_22_degree_P1_500B.npy,3
Sample_BH_3_30_degree_P2_500B.npy,3
Sample_BH_3_45_degree_P1_500B.npy,3
Sample_BH_3_45_degree_P2_500B.npy,3
Sample_BH_3_55_degree_P1_500B.npy,3
Sample_BH_3_55_degree_P2_500B.npy,3
Sample_BH_3_65_degree_P1_500B.npy,3
Sample_BH_3_65_degree_P2_500B.npy,3
Sample_BH_3_Max_degree_P1_500B.npy,3
Sample_BH_3_Max_degree_P2_500B.npy,3
Sample_BH_4_0_degree_P1_500B.npy,3
Sample_BH_4_0_degree_P2_500B.npy,3
Sample_BH_4_10_degree_P1_500B.npy,3
Sample_BH_4_15_degree_P2_500B.npy,3
Sample_BH_4_22_degree_P1_500B.npy,3
Sample_BH_4_30_degree_P2_500B.npy,3
Sample_BH_4_45_degree_P1_500B.npy,3
Sample_BH_4_45_degree_P2_500B.npy,3
Sample_BH_4_55_degree_P1_500B.npy,3
Sample_BH_4_55_degree_P2_500B.npy,3
Sample_BH_4_65_degree_P1_500B.npy,3
Sample_BH_4_65_degree_P2_500B.npy,3
Sample_BH_4_Max_degree_P1_500B.npy,3
Sample_BH_4_Max_degree_P2_500B.npy,3
Sample_BH_5_0_degree_P1_500B.npy,3
Sample_BH_5_0_degree_P2_500B.npy,3
Sample_BH_5_10_degree_P1_500B.npy,3
Sample_BH_5_15_degree_P2_500B.npy,3
Sample_BH_5_22_degree_P1_500B.npy,3
Sample_BH_5_30_degree_P2_500B.npy,3
Sample_BH_5_45_degree_P1_500B.npy,3
Sample_BH_5_45_degree_P2_500B.npy,3
Sample_BH_5_55_degree_P1_500B.npy,3
Sample_BH_5_55_degree_P2_500B.npy,3
Sample_BH_5_65_degree_P1_500B.npy,3
Sample_BH_5_65_degree_P2_500B.npy,3
Sample_BH_5_Max_degree_P1_500B.npy,3
Sample_BH_5_Max_degree_P2_500B.npy,3
Sample_BH_6_0_degree_P2_500B.npy,3
Sample_BH_6_15_degree_P2_500B.npy,3
Sample_BH_6_30_degree_P2_500B.npy,3
Sample_BH_6_45_degree_P2_500B.npy,3
Sample_BH_6_55_degree_P2_500B.npy,3
Sample_BH_6_65_degree_P2_500B.npy,3
Sample_BH_6_Max_degree_P2_500B.npy,3
Sample_BH_7_0_degree_P2_500B.npy,3
Sample_BH_7_15_degree_P2_500B.npy,3
Sample_BH_7_30_degree_P2_500B.npy,3
Sample_BH_7_45_degree_P2_500B.npy,3
Sample_BH_7_55_degree_P2_500B.npy,3
Sample_BH_7_65_degree_P2_500B.npy,3
Sample_BH_7_Max_degree_P2_500B.npy,3
Sample_BH_8_0_degree_P2_500B.npy,3
Sample_BH_8_15_degree_P2_500B.npy,3
Sample_BH_8_30_degree_P2_500B.npy,3
Sample_BH_8_45_degree_P2_500B.npy,3
Sample_BH_8_55_degree_P2_500B.npy,3
Sample_BH_8_65_degree_P2_500B.npy,3
Sample_BH_8_Max_degree_P2_500B.npy,3
Sample_BH_9_Max_degree_P2_500B.npy,3
Sample_Engine_Start_10_0_degree_P2_2_500B.npy,4
Sample_Engine_Start_10_0_degree_P2_4_500B.npy,4
Sample_Engine_Start_11_0_degree_P2_2_500B.npy,4
Sample_Engine_Start_11_0_degree_P2_4_500B.npy,4
Sample_Engine_Start_12_0_degree_P2_4_500B.npy,4
Sample_Engine_Start_13_0_degree_P2_4_500B.npy,4
Sample_Engine_Start_14_0_degree_P2_4_500B.npy,4
Sample_Engine_Start_15_0_degree_P2_4_500B.npy,4
Sample_Engine_Start_16_0_degree_P2_4_500B.npy,4
Sample_Engine_Start_1_0_degree_P2_2_500B.npy,4
Sample_Engine_Start_1_0_degree_P2_4_500B.npy,4
Sample_Engine_Start_1_0_degree_P2_500B.npy,4
Sample_Engine_Start_2_0_degree_P2_2_500B.npy,4
Sample_Engine_Start_2_0_degree_P2_4_500B.npy,4
Sample_Engine_Start_2_0_degree_P2_500B.npy,4
Sample_Engine_Start_3_0_degree_P2_2_500B.npy,4
Sample_Engine_Start_3_0_degree_P2_4_500B.npy,4
Sample_Engine_Start_3_0_degree_P2_500B.npy,4
Sample_Engine_Start_4_0_degree_P2_2_500B.npy,4
Sample_Engine_Start_4_0_degree_P2_4_500B.npy,4
Sample_Engine_Start_4_0_degree_P2_500B.npy,4
Sample_Engine_Start_5_0_degree_P2_2_500B.npy,4
Sample_Engine_Start_5_0_degree_P2_4_500B.npy,4
Sample_Engine_Start_5_0_degree_P2_500B.npy,4
Sample_Engine_Start_6_0_degree_P2_2_500B.npy,4
Sample_Engine_Start_6_0_degree_P2_4_500B.npy,4
Sample_Engine_Start_6_0_degree_P2_500B.npy,4
Sample_Engine_Start_7_0_degree_P2_2_500B.npy,4
Sample_Engine_Start_7_0_degree_P2_4_500B.npy,4
Sample_Engine_Start_8_0_degree_P2_2_500B.npy,4
Sample_Engine_Start_8_0_degree_P2_4_500B.npy,4
Sample_Engine_Start_9_0_degree_P2_2_500B.npy,4
Sample_Engine_Start_9_0_degree_P2_4_500B.npy,4
Sample_Engine_Stop_10_0_degree_P2_2_500B.npy,5
Sample_Engine_Stop_10_0_degree_P2_4_500B.npy,5
Sample_Engine_Stop_11_0_degree_P2_4_500B.npy,5
Sample_Engine_Stop_12_0_degree_P2_4_500B.npy,5
Sample_Engine_Stop_13_0_degree_P2_4_500B.npy,5
Sample_Engine_Stop_14_0_degree_P2_4_500B.npy,5
Sample_Engine_Stop_15_0_degree_P2_4_500B.npy,5
Sample_Engine_Stop_16_0_degree_P2_4_500B.npy,5
Sample_Engine_Stop_1_0_degree_P2_2_500B.npy,5
Sample_Engine_Stop_1_0_degree_P2_4_500B.npy,5
Sample_Engine_Stop_1_0_degree_P2_500B.npy,5
Sample_Engine_Stop_2_0_degree_P2_2_500B.npy,5
Sample_Engine_Stop_2_0_degree_P2_4_500B.npy,5
Sample_Engine_Stop_2_0_degree_P2_500B.npy,5
Sample_Engine_Stop_3_0_degree_P2_2_500B.npy,5
Sample_Engine_Stop_3_0_degree_P2_4_500B.npy,5
Sample_Engine_Stop_3_0_degree_P2_500B.npy,5
Sample_Engine_Stop_4_0_degree_P2_2_500B.npy,5
Sample_Engine_Stop_4_0_degree_P2_4_500B.npy,5
Sample_Engine_Stop_4_0_degree_P2_500B.npy,5
Sample_Engine_Stop_5_0_degree_P2_2_500B.npy,5
Sample_Engine_Stop_5_0_degree_P2_4_500B.npy,5
Sample_Engine_Stop_5_0_degree_P2_500B.npy,5
Sample_Engine_Stop_6_0_degree_P2_2_500B.npy,5
Sample_Engine_Stop_6_0_degree_P2_4_500B.npy,5
Sample_Engine_Stop_6_0_degree_P2_500B.npy,5
Sample_Engine_Stop_7_0_degree_P2_2_500B.npy,5
Sample_Engine_Stop_7_0_degree_P2_4_500B.npy,5
Sample_Engine_Stop_8_0_degree_P2_2_500B.npy,5
Sample_Engine_Stop_8_0_degree_P2_4_500B.npy,5
Sample_Engine_Stop_9_0_degree_P2_2_500B.npy,5
Sample_Engine_Stop_9_0_degree_P2_4_500B.npy,5
Sample_FIC_1_10_degree_P1_500B.npy,6
Sample_FIC_1_10_degree_P2_500B.npy,6
Sample_FIC_1_15_degree_P2_500B.npy,6
Sample_FIC_1_22_degree_P1_500B.npy,6
Sample_FIC_1_30_degree_P1_500B.npy,6
Sample_FIC_1_30_degree_P2_500B.npy,6
Sample_FIC_1_45_degree_P1_500B.npy,6
Sample_FIC_1_45_degree_P2_500B.npy,6
Sample_FIC_1_55_degree_P1_500B.npy,6
Sample_FIC_1_55_degree_P2_500B.npy,6
Sample_FIC_1_65_degree_P1_500B.npy,6
Sample_FIC_1_65_degree_P2_500B.npy,6
Sample_FIC_1_Max_degree_P1_500B.npy,6
Sample_FIC_2_10_degree_P1_500B.npy,6
Sample_FIC_2_10_degree_P2_500B.npy,6
Sample_FIC_2_15_degree_P2_500B.npy,6
Sample_FIC_2_22_degree_P1_500B.npy,6
Sample_FIC_2_30_degree_P1_500B.npy,6
Sample_FIC_2_30_degree_P2_500B.npy,6
Sample_FIC_2_45_degree_P1_500B.npy,6
Sample_FIC_2_45_degree_P2_500B.npy,6
Sample_FIC_2_55_degree_P1_500B.npy,6
Sample_FIC_2_55_degree_P2_500B.npy,6
Sample_FIC_2_65_degree_P1_500B.npy,6
Sample_FIC_2_65_degree_P2_500B.npy,6
Sample_FIC_2_Max_degree_P1_500B.npy,6
Sample_FIC_3_10_degree_P1_500B.npy,6
Sample_FIC_3_10_degree_P2_500B.npy,6
Sample_FIC_3_15_degree_P2_500B.npy,6
Sample_FIC_3_22_degree_P1_500B.npy,6
Sample_FIC_3_30_degree_P1_500B.npy,6
Sample_FIC_3_30_degree_P2_500B.npy,6
Sample_FIC_3_45_degree_P1_500B.npy,6
Sample_FIC_3_45_degree_P2_500B.npy,6
Sample_FIC_3_55_degree_P1_500B.npy,6
Sample_FIC_3_55_degree_P2_500B.npy,6
Sample_FIC_3_65_degree_P1_500B.npy,6
Sample_FIC_3_65_degree_P2_500B.npy,6
Sample_FIC_3_Max_degree_P1_500B.npy,6
Sample_FIC_4_10_degree_P1_500B.npy,6
Sample_FIC_4_10_degree_P2_500B.npy,6
Sample_FIC_4_15_degree_P2_500B.npy,6
Sample_FIC_4_22_degree_P1_500B.npy,6
Sample_FIC_4_30_degree_P1_500B.npy,6
Sample_FIC_4_30_degree_P2_500B.npy,6
Sample_FIC_4_45_degree_P1_500B.npy,6
Sample_FIC_4_45_degree_P2_500B.npy,6
Sample_FIC_4_55_degree_P1_500B.npy,6
Sample_FIC_4_55_degree_P2_500B.npy,6
Sample_FIC_4_65_degree_P1_500B.npy,6
Sample_FIC_4_65_degree_P2_500B.npy,6
Sample_FIC_4_Max_degree_P1_500B.npy,6
Sample_FIC_5_10_degree_P1_500B.npy,6
Sample_FIC_5_10_degree_P2_500B.npy,6
Sample_FIC_5_15_degree_P2_500B.npy,6
Sample_FIC_5_22_degree_P1_500B.npy,6
Sample_FIC_5_30_degree_P1_500B.npy,6
Sample_FIC_5_30_degree_P2_500B.npy,6
Sample_FIC_5_45_degree_P1_500B.npy,6
Sample_FIC_5_45_degree_P2_500B.npy,6
Sample_FIC_5_55_degree_P1_500B.npy,6
Sample_FIC_5_55_degree_P2_500B.npy,6
Sample_FIC_5_65_degree_P1_500B.npy,6
Sample_FIC_5_65_degree_P2_500B.npy,6
Sample_FIC_5_Max_degree_P1_500B.npy,6
Sample_FIC_6_10_degree_P2_500B.npy,6
Sample_FIC_6_15_degree_P2_500B.npy,6
Sample_FIC_6_30_degree_P2_500B.npy,6
Sample_FIC_6_45_degree_P2_500B.npy,6
Sample_FIC_6_55_degree_P2_500B.npy,6
Sample_FIC_6_65_degree_P2_500B.npy,6
Sample_FIC_7_10_degree_P2_500B.npy,6
Sample_FIC_7_15_degree_P2_500B.npy,6
Sample_FIC_7_30_degree_P2_500B.npy,6
Sample_FIC_7_45_degree_P2_500B.npy,6
Sample_FIC_7_55_degree_P2_500B.npy,6
Sample_FIC_7_65_degree_P2_500B.npy,6
Sample_FIC_8_10_degree_P2_500B.npy,6
Sample_FIC_8_15_degree_P2_500B.npy,6
Sample_FIC_8_30_degree_P2_500B.npy,6
Sample_FIC_8_45_degree_P2_500B.npy,6
Sample_FIC_8_55_degree_P2_500B.npy,6
Sample_FIC_8_65_degree_P2_500B.npy,6
Sample_FIC_9_15_degree_P2_500B.npy,6
Sample_FIC_9_30_degree_P2_500B.npy,6
Sample_FIC_9_55_degree_P2_500B.npy,6
Sample_FIO_1_10_degree_P1_500B.npy,7
Sample_FIO_1_10_degree_P2_500B.npy,7
Sample_FIO_1_15_degree_P2_500B.npy,7
Sample_FIO_1_22_degree_P1_500B.npy,7
Sample_FIO_1_30_degree_P1_500B.npy,7
Sample_FIO_1_30_degree_P2_500B.npy,7
Sample_FIO_1_45_degree_P1_500B.npy,7
Sample_FIO_1_45_degree_P2_500B.npy,7
Sample_FIO_1_55_degree_P1_500B.npy,7
Sample_FIO_1_55_degree_P2_500B.npy,7
Sample_FIO_1_65_degree_P1_500B.npy,7
Sample_FIO_1_65_degree_P2_500B.npy,7
Sample_FIO_1_Max_degree_P1_500B.npy,7
Sample_FIO_2_10_degree_P1_500B.npy,7
Sample_FIO_2_10_degree_P2_500B.npy,7
Sample_FIO_2_15_degree_P2_500B.npy,7
Sample_FIO_2_22_degree_P1_500B.npy,7
Sample_FIO_2_30_degree_P1_500B.npy,7
Sample_FIO_2_30_degree_P2_500B.npy,7
Sample_FIO_2_45_degree_P1_500B.npy,7
Sample_FIO_2_45_degree_P2_500B.npy,7
Sample_FIO_2_55_degree_P1_500B.npy,7
Sample_FIO_2_55_degree_P2_500B.npy,7
Sample_FIO_2_65_degree_P1_500B.npy,7
Sample_FIO_2_65_degree_P2_500B.npy,7
Sample_FIO_2_Max_degree_P1_500B.npy,7
Sample_FIO_3_10_degree_P1_500B.npy,7
Sample_FIO_3_10_degree_P2_500B.npy,7
Sample_FIO_3_15_degree_P2_500B.npy,7
Sample_FIO_3_22_degree_P1_500B.npy,7
Sample_FIO_3_30_degree_P1_500B.npy,7
Sample_FIO_3_30_degree_P2_500B.npy,7
Sample_FIO_3_45_degree_P1_500B.npy,7
Sample_FIO_3_45_degree_P2_500B.npy,7
Sample_FIO_3_55_degree_P1_500B.npy,7
Sample_FIO_3_55_degree_P2_500B.npy,7
Sample_FIO_3_65_degree_P1_500B.npy,7
Sample_FIO_3_65_degree_P2_500B.npy,7
Sample_FIO_3_Max_degree_P1_500B.npy,7
Sample_FIO_4_10_degree_P1_500B.npy,7
Sample_FIO_4_10_degree_P2_500B.npy,7
Sample_FIO_4_15_degree_P2_500B.npy,7
Sample_FIO_4_22_degree_P1_500B.npy,7
Sample_FIO_4_30_degree_P1_500B.npy,7
Sample_FIO_4_30_degree_P2_500B.npy,7
Sample_FIO_4_45_degree_P1_500B.npy,7
Sample_FIO_4_45_degree_P2_500B.npy,7
Sample_FIO_4_55_degree_P1_500B.npy,7
Sample_FIO_4_55_degree_P2_500B.npy,7
Sample_FIO_4_65_degree_P1_500B.npy,7
Sample_FIO_4_65_degree_P2_500B.npy,7
Sample_FIO_4_Max_degree_P1_500B.npy,7
Sample_FIO_5_10_degree_P2_500B.npy,7
Sample_FIO_5_15_degree_P2_500B.npy,7
Sample_FIO_5_22_degree_P1_500B.npy,7
Sample_FIO_5_30_degree_P1_500B.npy,7
Sample_FIO_5_30_degree_P2_500B.npy,7
Sample_FIO_5_45_degree_P1_500B.npy,7
Sample_FIO_5_45_degree_P2_500B.npy,7
Sample_FIO_5_55_degree_P1_500B.npy,7
Sample_FIO_5_55_degree_P2_500B.npy,7
Sample_FIO_5_65_degree_P1_500B.npy,7
Sample_FIO_5_65_degree_P2_500B.npy,7
Sample_FIO_5_Max_degree_P1_500B.npy,7
Sample_FIO_6_10_degree_P2_500B.npy,7
Sample_FIO_6_15_degree_P2_500B.npy,7
Sample_FIO_6_30_degree_P2_500B.npy,7
Sample_FIO_6_45_degree_P2_500B.npy,7
Sample_FIO_6_55_degree_P2_500B.npy,7
Sample_FIO_6_65_degree_P2_500B.npy,7
Sample_FIO_7_10_degree_P2_500B.npy,7
Sample_FIO_7_15_degree_P2_500B.npy,7
Sample_FIO_7_30_degree_P2_500B.npy,7
Sample_FIO_7_45_degree_P2_500B.npy,7
Sample_FIO_7_55_degree_P2_500B.npy,7
Sample_FIO_7_65_degree_P2_500B.npy,7
Sample_FIO_8_10_degree_P2_500B.npy,7
Sample_FIO_8_15_degree_P2_500B.npy,7
Sample_FIO_8_45_degree_P2_500B.npy,7
Sample_FIO_8_55_degree_P2_500B.npy,7
Sample_FIO_8_65_degree_P2_500B.npy,7
Sample_FIO_9_10_degree_P2_500B.npy,7
Sample_M_1_0_degree_P1_500B.npy,8
Sample_M_1_0_degree_P2_500B.npy,8
Sample_M_1_10_degree_P1_500B.npy,8
Sample_M_1_15_degree_P2_500B.npy,8
Sample_M_1_22_degree_P1_500B.npy,8
Sample_M_1_30_degree_P1_500B.npy,8
Sample_M_1_30_degree_P2_500B.npy,8
Sample_M_1_45_degree_P1_500B.npy,8
Sample_M_1_45_degree_P2_500B.npy,8
Sample_M_1_55_degree_P1_500B.npy,8
Sample_M_1_55_degree_P2_500B.npy,8
Sample_M_1_65_degree_P1_500B.npy,8
Sample_M_1_65_degree_P2_500B.npy,8
Sample_M_1_Max_degree_P1_500B.npy,8
Sample_M_1_Max_degree_P2_500B.npy,8
Sample_M_2_0_degree_P1_500B.npy,8
Sample_M_2_0_degree_P2_500B.npy,8
Sample_M_2_10_degree_P1_500B.npy,8
Sample_M_2_15_degree_P2_500B.npy,8
Sample_M_2_22_degree_P1_500B.npy,8
Sample_M_2_30_degree_P1_500B.npy,8
Sample_M_2_30_degree_P2_500B.npy,8
Sample_M_2_45_degree_P1_500B.npy,8
Sample_M_2_45_degree_P2_500B.npy,8
Sample_M_2_55_degree_P1_500B.npy,8
Sample_M_2_55_degree_P2_500B.npy,8
Sample_M_2_65_degree_P2_500B.npy,8
Sample_M_2_Max_degree_P1_500B.npy,8
Sample_M_2_Max_degree_P2_500B.npy,8
Sample_M_3_0_degree_P1_500B.npy,8
Sample_M_3_0_degree_P2_500B.npy,8
Sample_M_3_10_degree_P1_500B.npy,8
Sample_M_3_15_degree_P2_500B.npy,8
Sample_M_3_22_degree_P1_500B.npy,8
Sample_M_3_30_degree_P1_500B.npy,8
Sample_M_3_30_degree_P2_500B.npy,8
Sample_M_3_45_degree_P1_500B.npy,8
Sample_M_3_45_degree_P2_500B.npy,8
Sample_M_3_55_degree_P1_500B.npy,8
Sample_M_3_55_degree_P2_500B.npy,8
Sample_M_3_65_degree_P1_500B.npy,8
Sample_M_3_65_degree_P2_500B.npy,8
Sample_M_3_Max_degree_P1_500B.npy,8
Sample_M_3_Max_degree_P2_500B.npy,8
Sample_M_4_0_degree_P1_500B.npy,8
Sample_M_4_0_degree_P2_500B.npy,8
Sample_M_4_10_degree_P1_500B.npy,8
Sample_M_4_15_degree_P2_500B.npy,8
Sample_M_4_22_degree_P1_500B.npy,8
Sample_M_4_30_degree_P1_500B.npy,8
Sample_M_4_30_degree_P2_500B.npy,8
Sample_M_4_45_degree_P1_500B.npy,8
Sample_M_4_45_degree_P2_500B.npy,8
Sample_M_4_55_degree_P1_500B.npy,8
Sample_M_4_55_degree_P2_500B.npy,8
Sample_M_4_65_degree_P1_500B.npy,8
Sample_M_4_65_degree_P2_500B.npy,8
Sample_M_4_Max_degree_P1_500B.npy,8
Sample_M_4_Max_degree_P2_500B.npy,8
Sample_M_5_0_degree_P1_500B.npy,8
Sample_M_5_0_degree_P2_500B.npy,8
Sample_M_5_10_degree_P1_500B.npy,8
Sample_M_5_15_degree_P2_500B.npy,8
Sample_M_5_22_degree_P1_500B.npy,8
Sample_M_5_30_degree_P1_500B.npy,8
Sample_M_5_30_degree_P2_500B.npy,8
Sample_M_5_45_degree_P2_500B.npy,8
Sample_M_5_55_degree_P1_500B.npy,8
Sample_M_5_55_degree_P2_500B.npy,8
Sample_M_5_65_degree_P1_500B.npy,8
Sample_M_5_65_degree_P2_500B.npy,8
Sample_M_5_Max_degree_P1_500B.npy,8
Sample_M_5_Max_degree_P2_500B.npy,8
Sample_M_6_0_degree_P1_500B.npy,8
Sample_M_6_0_degree_P2_500B.npy,8
Sample_M_6_15_degree_P2_500B.npy,8
Sample_M_6_30_degree_P2_500B.npy,8
Sample_M_6_45_degree_P2_500B.npy,8
Sample_M_6_55_degree_P1_500B.npy,8
Sample_M_6_55_degree_P2_500B.npy,8
Sample_M_6_65_degree_P2_500B.npy,8
Sample_M_7_0_degree_P1_500B.npy,8
Sample_M_7_0_degree_P2_500B.npy,8
Sample_M_7_15_degree_P2_500B.npy,8
Sample_M_7_45_degree_P2_500B.npy,8
Sample_M_7_55_degree_P2_500B.npy,8
Sample_M_7_65_degree_P2_500B.npy,8
Sample_M_8_45_degree_P2_500B.npy,8
Sample_M_8_65_degree_P2_500B.npy,8
Sample_M_9_45_degree_P2_500B.npy,8
Sample_M_9_65_degree_P2_500B.npy,8
Sample_NC_10_30_degree_P2_500B.npy,9
Sample_NC_10_3_P1_500B.npy,9
Sample_NC_11_3_P1_500B.npy,9
Sample_NC_1_10_degree_P2_500B.npy,9
Sample_NC_1_15_degree_P2_500B.npy,9
Sample_NC_1_1_P1_500B.npy,9
Sample_NC_1_2_P1_500B.npy,9
Sample_NC_1_30_degree_P2_500B.npy,9
Sample_NC_1_3_P1_500B.npy,9
Sample_NC_1_45_degree_P2_500B.npy,9
Sample_NC_1_4_P1_500B.npy,9
Sample_NC_1_55_degree_P2_500B.npy,9
Sample_NC_1_5_P1_500B.npy,9
Sample_NC_1_65_degree_P2_500B.npy,9
Sample_NC_1_Max_degree_P2_500B.npy,9
Sample_NC_2_10_degree_P2_500B.npy,9
Sample_NC_2_15_degree_P2_500B.npy,9
Sample_NC_2_1_P1_500B.npy,9
Sample_NC_2_2_P1_500B.npy,9
Sample_NC_2_30_degree_P2_500B.npy,9
Sample_NC_2_3_P1_500B.npy,9
Sample_NC_2_45_degree_P2_500B.npy,9
Sample_NC_2_4_P1_500B.npy,9
Sample_NC_2_55_degree_P2_500B.npy,9
Sample_NC_2_5_P1_500B.npy,9
Sample_NC_2_65_degree_P2_500B.npy,9
Sample_NC_2_Max_degree_P2_500B.npy,9
Sample_NC_3_10_degree_P2_500B.npy,9
Sample_NC_3_15_degree_P2_500B.npy,9
Sample_NC_3_1_P1_500B.npy,9
Sample_NC_3_2_P1_500B.npy,9
Sample_NC_3_30_degree_P2_500B.npy,9
Sample_NC_3_3_P1_500B.npy,9
Sample_NC_3_45_degree_P2_500B.npy,9
Sample_NC_3_4_P1_500B.npy,9
Sample_NC_3_55_degree_P2_500B.npy,9
Sample_NC_3_5_P1_500B.npy,9
Sample_NC_3_65_degree_P2_500B.npy,9
Sample_NC_3_Max_degree_P2_500B.npy,9
Sample_NC_4_10_degree_P2_500B.npy,9
Sample_NC_4_15_degree_P2_500B.npy,9
Sample_NC_4_1_P1_500B.npy,9
Sample_NC_4_2_P1_500B.npy,9
Sample_NC_4_30_degree_P2_500B.npy,9
Sample_NC_4_3_P1_500B.npy,9
Sample_NC_4_45_degree_P2_500B.npy,9
Sample_NC_4_4_P1_500B.npy,9
Sample_NC_4_55_degree_P2_500B.npy,9
Sample_NC_4_5_P1_500B.npy,9
Sample_NC_4_65_degree_P2_500B.npy,9
Sample_NC_4_Max_degree_P2_500B.npy,9
Sample_NC_5_10_degree_P2_500B.npy,9
Sample_NC_5_15_degree_P2_500B.npy,9
Sample_NC_5_1_P1_500B.npy,9
Sample_NC_5_2_P1_500B.npy,9
Sample_NC_5_30_degree_P2_500B.npy,9
Sample_NC_5_3_P1_500B.npy,9
Sample_NC_5_45_degree_P2_500B.npy,9
Sample_NC_5_4_P1_500B.npy,9
Sample_NC_5_55_degree_P2_500B.npy,9
Sample_NC_5_5_P1_500B.npy,9
Sample_NC_5_65_degree_P2_500B.npy,9
Sample_NC_5_Max_degree_P2_500B.npy,9
Sample_NC_6_10_degree_P2_500B.npy,9
Sample_NC_6_15_degree_P2_500B.npy,9
Sample_NC_6_1_P1_500B.npy,9
Sample_NC_6_2_P1_500B.npy,9
Sample_NC_6_30_degree_P2_500B.npy,9
Sample_NC_6_3_P1_500B.npy,9
Sample_NC_6_45_degree_P2_500B.npy,9
Sample_NC_6_4_P1_500B.npy,9
Sample_NC_6_55_degree_P2_500B.npy,9
Sample_NC_6_5_P1_500B.npy,9
Sample_NC_6_65_degree_P2_500B.npy,9
Sample_NC_6_Max_degree_P2_500B.npy,9
Sample_NC_7_10_degree_P2_500B.npy,9
Sample_NC_7_15_degree_P2_500B.npy,9
Sample_NC_7_1_P1_500B.npy,9
Sample_NC_7_2_P1_500B.npy,9
Sample_NC_7_30_degree_P2_500B.npy,9
Sample_NC_7_3_P1_500B.npy,9
Sample_NC_7_45_degree_P2_500B.npy,9
Sample_NC_7_4_P1_500B.npy,9
Sample_NC_7_55_degree_P2_500B.npy,9
Sample_NC_7_5_P1_500B.npy,9
Sample_NC_7_65_degree_P2_500B.npy,9
Sample_NC_7_Max_degree_P2_500B.npy,9
Sample_NC_8_10_degree_P2_500B.npy,9
Sample_NC_8_15_degree_P2_500B.npy,9
Sample_NC_8_1_P1_500B.npy,9
Sample_NC_8_2_P1_500B.npy,9
Sample_NC_8_30_degree_P2_500B.npy,9
Sample_NC_8_3_P1_500B.npy,9
Sample_NC_8_45_degree_P2_500B.npy,9
Sample_NC_8_4_P1_500B.npy,9
Sample_NC_8_5_P1_500B.npy,9
Sample_NC_8_Max_degree_P2_500B.npy,9
Sample_NC_9_1_P1_500B.npy,9
Sample_NC_9_2_P1_500B.npy,9
Sample_NC_9_30_degree_P2_500B.npy,9
Sample_NC_9_3_P1_500B.npy,9
Sample_NC_9_45_degree_P2_500B.npy,9
Sample_NC_9_4_P1_500B.npy,9
Sample_NC_9_5_P1_500B.npy,9
Sample_NC_9_Max_degree_P2_500B.npy,9
Sample_NM_10_P1_500B.npy,10
Sample_NM_11_P1_500B.npy,10
Sample_NM_12_P1_500B.npy,10
Sample_NM_13_P1_500B.npy,10
Sample_NM_14_P1_500B.npy,10
Sample_NM_15_P1_500B.npy,10
Sample_NM_16_P1_500B.npy,10
Sample_NM_17_P1_500B.npy,10
Sample_NM_18_P1_500B.npy,10
Sample_NM_19_P1_500B.npy,10
Sample_NM_1_degree_P1_500B.npy,10
Sample_NM_1_P2_500B.npy,10
Sample_NM_20_P1_500B.npy,10
Sample_NM_21_P1_500B.npy,10
Sample_NM_22_P1_500B.npy,10
Sample_NM_23_P1_500B.npy,10
Sample_NM_24_P1_500B.npy,10
Sample_NM_25_P1_500B.npy,10
Sample_NM_26_P1_500B.npy,10
Sample_NM_27_P1_500B.npy,10
Sample_NM_28_P1_500B.npy,10
Sample_NM_29_P1_500B.npy,10
Sample_NM_2_degree_P1_500B.npy,10
Sample_NM_2_P2_500B.npy,10
Sample_NM_30_P1_500B.npy,10
Sample_NM_31_P1_500B.npy,10
Sample_NM_32_P1_500B.npy,10
Sample_NM_33_P1_500B.npy,10
Sample_NM_34_P1_500B.npy,10
Sample_NM_35_P1_500B.npy,10
Sample_NM_36_P1_500B.npy,10
Sample_NM_37_P1_500B.npy,10
Sample_NM_38_P1_500B.npy,10
Sample_NM_39_P1_500B.npy,10
Sample_NM_3_degree_P1_500B.npy,10
Sample_NM_3_P2_500B.npy,10
Sample_NM_40_P1_500B.npy,10
Sample_NM_41_P1_500B.npy,10
Sample_NM_42_P1_500B.npy,10
Sample_NM_43_P1_500B.npy,10
Sample_NM_44_P1_500B.npy,10
Sample_NM_45_P1_500B.npy,10
Sample_NM_46_P1_500B.npy,10
Sample_NM_47_P1_500B.npy,10
Sample_NM_48_P1_500B.npy,10
Sample_NM_49_P1_500B.npy,10
Sample_NM_4_degree_P1_500B.npy,10
Sample_NM_4_P2_500B.npy,10
Sample_NM_50_P1_500B.npy,10
Sample_NM_51_P1_500B.npy,10
Sample_NM_52_P1_500B.npy,10
Sample_NM_53_P1_500B.npy,10
Sample_NM_54_P1_500B.npy,10
Sample_NM_55_P1_500B.npy,10
Sample_NM_56_P1_500B.npy,10
Sample_NM_57_P1_500B.npy,10
Sample_NM_58_P1_500B.npy,10
Sample_NM_59_P1_500B.npy,10
Sample_NM_5_degree_P1_500B.npy,10
Sample_NM_5_P2_500B.npy,10
Sample_NM_6_P1_500B.npy,10
Sample_NM_6_P2_500B.npy,10
Sample_NM_7_P1_500B.npy,10
Sample_NM_7_P2_500B.npy,10
Sample_NM_8_P1_500B.npy,10
Sample_NM_8_P2_500B.npy,10
Sample_NM_9_P1_500B.npy,10
Sample_NO_10_30_degree_P2_500B.npy,11
Sample_NO_1_10_degree_P2_500B.npy,11
Sample_NO_1_15_degree_P2_500B.npy,11
Sample_NO_1_1_P1_500B.npy,11
Sample_NO_1_2_P1_500B.npy,11
Sample_NO_1_30_degree_P2_500B.npy,11
Sample_NO_1_3_P1_500B.npy,11
Sample_NO_1_45_degree_P2_500B.npy,11
Sample_NO_1_4_P1_500B.npy,11
Sample_NO_1_55_degree_P2_500B.npy,11
Sample_NO_1_5_P1_500B.npy,11
Sample_NO_1_65_degree_P2_500B.npy,11
Sample_NO_1_Max_degree_P2_500B.npy,11
Sample_NO_2_10_degree_P2_500B.npy,11
Sample_NO_2_15_degree_P2_500B.npy,11
Sample_NO_2_1_P1_500B.npy,11
Sample_NO_2_2_P1_500B.npy,11
Sample_NO_2_30_degree_P2_500B.npy,11
Sample_NO_2_3_P1_500B.npy,11
Sample_NO_2_45_degree_P2_500B.npy,11
Sample_NO_2_4_P1_500B.npy,11
Sample_NO_2_55_degree_P2_500B.npy,11
Sample_NO_2_5_P1_500B.npy,11
Sample_NO_2_65_degree_P2_500B.npy,11
Sample_NO_2_Max_degree_P2_500B.npy,11
Sample_NO_3_10_degree_P2_500B.npy,11
Sample_NO_3_15_degree_P2_500B.npy,11
Sample_NO_3_1_P1_500B.npy,11
Sample_NO_3_2_P1_500B.npy,11
Sample_NO_3_30_degree_P2_500B.npy,11
Sample_NO_3_3_P1_500B.npy,11
Sample_NO_3_45_degree_P2_500B.npy,11
Sample_NO_3_4_P1_500B.npy,11
Sample_NO_3_55_degree_P2_500B.npy,11
Sample_NO_3_5_P1_500B.npy,11
Sample_NO_3_65_degree_P2_500B.npy,11
Sample_NO_3_Max_degree_P2_500B.npy,11
Sample_NO_4_10_degree_P2_500B.npy,11
Sample_NO_4_15_degree_P2_500B.npy,11
Sample_NO_4_1_P1_500B.npy,11
Sample_NO_4_2_P1_500B.npy,11
Sample_NO_4_30_degree_P2_500B.npy,11
Sample_NO_4_3_P1_500B.npy,11
Sample_NO_4_45_degree_P2_500B.npy,11
Sample_NO_4_4_P1_500B.npy,11
Sample_NO_4_55_degree_P2_500B.npy,11
Sample_NO_4_5_P1_500B.npy,11
Sample_NO_4_65_degree_P2_500B.npy,11
Sample_NO_4_Max_degree_P2_500B.npy,11
Sample_NO_5_10_degree_P2_500B.npy,11
Sample_NO_5_15_degree_P2_500B.npy,11
Sample_NO_5_1_P1_500B.npy,11
Sample_NO_5_2_P1_500B.npy,11
Sample_NO_5_30_degree_P2_500B.npy,11
Sample_NO_5_3_P1_500B.npy,11
Sample_NO_5_45_degree_P2_500B.npy,11
Sample_NO_5_4_P1_500B.npy,11
Sample_NO_5_55_degree_P2_500B.npy,11
Sample_NO_5_5_P1_500B.npy,11
Sample_NO_5_65_degree_P2_500B.npy,11
Sample_NO_5_Max_degree_P2_500B.npy,11
Sample_NO_6_10_degree_P2_500B.npy,11
Sample_NO_6_15_degree_P2_500B.npy,11
Sample_NO_6_1_P1_500B.npy,11
Sample_NO_6_2_P1_500B.npy,11
Sample_NO_6_30_degree_P2_500B.npy,11
Sample_NO_6_3_P1_500B.npy,11
Sample_NO_6_45_degree_P2_500B.npy,11
Sample_NO_6_4_P1_500B.npy,11
Sample_NO_6_55_degree_P2_500B.npy,11
Sample_NO_6_5_P1_500B.npy,11
Sample_NO_6_65_degree_P2_500B.npy,11
Sample_NO_6_Max_degree_P2_500B.npy,11
Sample_NO_7_10_degree_P2_500B.npy,11
Sample_NO_7_15_degree_P2_500B.npy,11
Sample_NO_7_1_P1_500B.npy,11
Sample_NO_7_2_P1_500B.npy,11
Sample_NO_7_30_degree_P2_500B.npy,11
Sample_NO_7_3_P1_500B.npy,11
Sample_NO_7_45_degree_P2_500B.npy,11
Sample_NO_7_4_P1_500B.npy,11
Sample_NO_7_55_degree_P2_500B.npy,11
Sample_NO_7_5_P1_500B.npy,11
Sample_NO_7_Max_degree_P2_500B.npy,11
Sample_NO_8_10_degree_P2_500B.npy,11
Sample_NO_8_15_degree_P2_500B.npy,11
Sample_NO_8_1_P1_500B.npy,11
Sample_NO_8_2_P1_500B.npy,11
Sample_NO_8_30_degree_P2_500B.npy,11
Sample_NO_8_3_P1_500B.npy,11
Sample_NO_8_45_degree_P2_500B.npy,11
Sample_NO_8_4_P1_500B.npy,11
Sample_NO_8_55_degree_P2_500B.npy,11
Sample_NO_8_5_P1_500B.npy,11
Sample_NO_8_Max_degree_P2_500B.npy,11
Sample_NO_9_30_degree_P2_500B.npy,11
Sample_NO_9_45_degree_P2_500B.npy,11
Sample_NO_9_Max_degree_P2_500B.npy,11
Sample_PD_1_0_degree_P1_500B.npy,12
Sample_PD_1_0_degree_P2_500B.npy,12
Sample_PD_1_10_degree_P1_500B.npy,12
Sample_PD_1_10_degree_P2_500B.npy,12
Sample_PD_1_15_degree_P2_500B.npy,12
Sample_PD_1_22_degree_P1_500B.npy,12
Sample_PD_1_30_degree_P1_500B.npy,12
Sample_PD_1_30_degree_P2_500B.npy,12
Sample_PD_1_45_degree_P1_500B.npy,12
Sample_PD_1_45_degree_P2_500B.npy,12
Sample_PD_1_55_degree_P1_500B.npy,12
Sample_PD_1_55_degree_P2_500B.npy,12
Sample_PD_1_65_degree_P1_500B.npy,12
Sample_PD_1_65_degree_P2_500B.npy,12
Sample_PD_1_Max_degree_P2_500B.npy,12
Sample_PD_2_0_degree_P1_500B.npy,12
Sample_PD_2_0_degree_P2_500B.npy,12
Sample_PD_2_10_degree_P1_500B.npy,12
Sample_PD_2_10_degree_P2_500B.npy,12
Sample_PD_2_15_degree_P2_500B.npy,12
Sample_PD_2_22_degree_P1_500B.npy,12
Sample_PD_2_30_degree_P1_500B.npy,12
Sample_PD_2_30_degree_P2_500B.npy,12
Sample_PD_2_45_degree_P1_500B.npy,12
Sample_PD_2_45_degree_P2_500B.npy,12
Sample_PD_2_55_degree_P1_500B.npy,12
Sample_PD_2_55_degree_P2_500B.npy,12
Sample_PD_2_65_degree_P1_500B.npy,12
Sample_PD_2_65_degree_P2_500B.npy,12
Sample_PD_2_Max_degree_P2_500B.npy,12
Sample_PD_3_0_degree_P1_500B.npy,12
Sample_PD_3_0_degree_P2_500B.npy,12
Sample_PD_3_10_degree_P1_500B.npy,12
Sample_PD_3_10_degree_P2_500B.npy,12
Sample_PD_3_15_degree_P2_500B.npy,12
Sample_PD_3_22_degree_P1_500B.npy,12
Sample_PD_3_30_degree_P1_500B.npy,12
Sample_PD_3_30_degree_P2_500B.npy,12
Sample_PD_3_45_degree_P1_500B.npy,12
Sample_PD_3_45_degree_P2_500B.npy,12
Sample_PD_3_55_degree_P1_500B.npy,12
Sample_PD_3_55_degree_P2_500B.npy,12
Sample_PD_3_65_degree_P1_500B.npy,12
Sample_PD_3_65_degree_P2_500B.npy,12
Sample_PD_3_Max_degree_P2_500B.npy,12
Sample_PD_4_0_degree_P1_500B.npy,12
Sample_PD_4_0_degree_P2_500B.npy,12
Sample_PD_4_10_degree_P1_500B.npy,12
Sample_PD_4_10_degree_P2_500B.npy,12
Sample_PD_4_15_degree_P2_500B.npy,12
Sample_PD_4_22_degree_P1_500B.npy,12
Sample_PD_4_30_degree_P1_500B.npy,12
Sample_PD_4_30_degree_P2_500B.npy,12
Sample_PD_4_45_degree_P1_500B.npy,12
Sample_PD_4_45_degree_P2_500B.npy,12
Sample_PD_4_55_degree_P1_500B.npy,12
Sample_PD_4_55_degree_P2_500B.npy,12
Sample_PD_4_65_degree_P1_500B.npy,12
Sample_PD_4_65_degree_P2_500B.npy,12
Sample_PD_4_Max_degree_P2_500B.npy,12
Sample_PD_5_0_degree_P1_500B.npy,12
Sample_PD_5_0_degree_P2_500B.npy,12
Sample_PD_5_10_degree_P1_500B.npy,12
Sample_PD_5_10_degree_P2_500B.npy,12
Sample_PD_5_15_degree_P2_500B.npy,12
Sample_PD_5_22_degree_P1_500B.npy,12
Sample_PD_5_30_degree_P1_500B.npy,12
Sample_PD_5_30_degree_P2_500B.npy,12
Sample_PD_5_45_degree_P1_500B.npy,12
Sample_PD_5_45_degree_P2_500B.npy,12
Sample_PD_5_55_degree_P1_500B.npy,12
Sample_PD_5_55_degree_P2_500B.npy,12
Sample_PD_5_65_degree_P1_500B.npy,12
Sample_PD_5_65_degree_P2_500B.npy,12
Sample_PD_5_Max_degree_P2_500B.npy,12
Sample_PD_6_0_degree_P2_500B.npy,12
Sample_PD_6_10_degree_P2_500B.npy,12
Sample_PD_6_15_degree_P2_500B.npy,12
Sample_PD_6_22_degree_P1_500B.npy,12
Sample_PD_6_30_degree_P2_500B.npy,12
Sample_PD_6_45_degree_P2_500B.npy,12
Sample_PD_6_55_degree_P2_500B.npy,12
Sample_PD_6_65_degree_P1_500B.npy,12
Sample_PD_6_65_degree_P2_500B.npy,12
Sample_PD_6_Max_degree_P2_500B.npy,12
Sample_PD_7_0_degree_P2_500B.npy,12
Sample_PD_7_10_degree_P2_500B.npy,12
Sample_PD_7_15_degree_P2_500B.npy,12
Sample_PD_7_30_degree_P2_500B.npy,12
Sample_PD_7_45_degree_P2_500B.npy,12
Sample_PD_7_55_degree_P2_500B.npy,12
Sample_PD_7_65_degree_P2_500B.npy,12
Sample_PD_7_Max_degree_P2_500B.npy,12
Sample_PD_8_15_degree_P2_500B.npy,12
Sample_PD_8_45_degree_P2_500B.npy,12
Sample_PD_8_55_degree_P2_500B.npy,12
Sample_S_1_10_degree_P1_500B.npy,13
Sample_S_1_10_degree_P2_500B.npy,13
Sample_S_1_15_degree_P2_500B.npy,13
Sample_S_1_22_degree_P1_500B.npy,13
Sample_S_1_30_degree_P1_500B.npy,13
Sample_S_1_30_degree_P2_500B.npy,13
Sample_S_1_45_degree_P1_500B.npy,13
Sample_S_1_45_degree_P2_500B.npy,13
Sample_S_1_55_degree_P1_500B.npy,13
Sample_S_1_55_degree_P2_500B.npy,13
Sample_S_1_65_degree_P1_500B.npy,13
Sample_S_1_65_degree_P2_500B.npy,13
Sample_S_1_Max_degree_P1_500B.npy,13
Sample_S_1_Max_degree_P2_500B.npy,13
Sample_S_2_10_degree_P1_500B.npy,13
Sample_S_2_10_degree_P2_500B.npy,13
Sample_S_2_15_degree_P2_500B.npy,13
Sample_S_2_30_degree_P1_500B.npy,13
Sample_S_2_30_degree_P2_500B.npy,13
Sample_S_2_45_degree_P1_500B.npy,13
Sample_S_2_45_degree_P2_500B.npy,13
Sample_S_2_55_degree_P1_500B.npy,13
Sample_S_2_55_degree_P2_500B.npy,13
Sample_S_2_65_degree_P1_500B.npy,13
Sample_S_2_65_degree_P2_500B.npy,13
Sample_S_2_Max_degree_P1_500B.npy,13
Sample_S_2_Max_degree_P2_500B.npy,13
Sample_S_3_10_degree_P1_500B.npy,13
Sample_S_3_10_degree_P2_500B.npy,13
Sample_S_3_15_degree_P2_500B.npy,13
Sample_S_3_30_degree_P1_500B.npy,13
Sample_S_3_30_degree_P2_500B.npy,13
Sample_S_3_45_degree_P1_500B.npy,13
Sample_S_3_45_degree_P2_500B.npy,13
Sample_S_3_55_degree_P1_500B.npy,13
Sample_S_3_55_degree_P2_500B.npy,13
Sample_S_3_65_degree_P1_500B.npy,13
Sample_S_3_65_degree_P2_500B.npy,13
Sample_S_3_Max_degree_P1_500B.npy,13
Sample_S_3_Max_degree_P2_500B.npy,13
Sample_S_4_10_degree_P1_500B.npy,13
Sample_S_4_10_degree_P2_500B.npy,13
Sample_S_4_15_degree_P2_500B.npy,13
Sample_S_4_30_degree_P1_500B.npy,13
Sample_S_4_30_degree_P2_500B.npy,13
Sample_S_4_45_degree_P1_500B.npy,13
Sample_S_4_45_degree_P2_500B.npy,13
Sample_S_4_55_degree_P1_500B.npy,13
Sample_S_4_55_degree_P2_500B.npy,13
Sample_S_4_65_degree_P1_500B.npy,13
Sample_S_4_65_degree_P2_500B.npy,13
Sample_S_4_Max_degree_P1_500B.npy,13
Sample_S_4_Max_degree_P2_500B.npy,13
Sample_S_5_10_degree_P1_500B.npy,13
Sample_S_5_10_degree_P2_500B.npy,13
Sample_S_5_15_degree_P2_500B.npy,13
Sample_S_5_30_degree_P1_500B.npy,13
Sample_S_5_30_degree_P2_500B.npy,13
Sample_S_5_45_degree_P1_500B.npy,13
Sample_S_5_45_degree_P2_500B.npy,13
Sample_S_5_55_degree_P1_500B.npy,13
Sample_S_5_55_degree_P2_500B.npy,13
Sample_S_5_65_degree_P1_500B.npy,13
Sample_S_5_65_degree_P2_500B.npy,13
Sample_S_5_Max_degree_P1_500B.npy,13
Sample_S_5_Max_degree_P2_500B.npy,13
Sample_S_6_10_degree_P1_500B.npy,13
Sample_S_6_10_degree_P2_500B.npy,13
Sample_S_6_15_degree_P2_500B.npy,13
Sample_S_6_30_degree_P2_500B.npy,13
Sample_S_6_45_degree_P1_500B.npy,13
Sample_S_6_45_degree_P2_500B.npy,13
Sample_S_6_55_degree_P2_500B.npy,13
Sample_S_6_65_degree_P1_500B.npy,13
Sample_S_6_65_degree_P2_500B.npy,13
Sample_S_6_Max_degree_P2_500B.npy,13
Sample_S_7_10_degree_P2_500B.npy,13
Sample_S_7_30_degree_P2_500B.npy,13
Sample_S_7_45_degree_P2_500B.npy,13
Sample_S_7_65_degree_P2_500B.npy,13
Sample_S_7_Max_degree_P2_500B.npy,13
Sample_S_8_Max_degree_P2_500B.npy,13
Sample_WLB_1_0_degree_P2_500B.npy,14
Sample_WLB_1_10_degree_P1_500B.npy,14
Sample_WLB_1_10_degree_P2_500B.npy,14
Sample_WLB_1_15_degree_P2_500B.npy,14
Sample_WLB_1_22_degree_P1_500B.npy,14
Sample_WLB_1_30_degree_P1_500B.npy,14
Sample_WLB_1_30_degree_P2_500B.npy,14
Sample_WLB_1_45_degree_P1_500B.npy,14
Sample_WLB_1_45_degree_P2_500B.npy,14
Sample_WLB_1_55_degree_P2_500B.npy,14
Sample_WLB_1_65_degree_P1_500B.npy,14
Sample_WLB_1_65_degree_P2_500B.npy,14
Sample_WLB_1_Max_degree_P1_500B.npy,14
Sample_WLB_1_Max_degree_P2_500B.npy,14
Sample_WLB_2_0_degree_P2_500B.npy,14
Sample_WLB_2_10_degree_P1_500B.npy,14
Sample_WLB_2_10_degree_P2_500B.npy,14
Sample_WLB_2_15_degree_P2_500B.npy,14
Sample_WLB_2_22_degree_P1_500B.npy,14
Sample_WLB_2_30_degree_P1_500B.npy,14
Sample_WLB_2_30_degree_P2_500B.npy,14
Sample_WLB_2_45_degree_P1_500B.npy,14
Sample_WLB_2_45_degree_P2_500B.npy,14
Sample_WLB_2_55_degree_P2_500B.npy,14
Sample_WLB_2_65_degree_P1_500B.npy,14
Sample_WLB_2_65_degree_P2_500B.npy,14
Sample_WLB_2_Max_degree_P1_500B.npy,14
Sample_WLB_2_Max_degree_P2_500B.npy,14
Sample_WLB_3_0_degree_P2_500B.npy,14
Sample_WLB_3_10_degree_P1_500B.npy,14
Sample_WLB_3_10_degree_P2_500B.npy,14
Sample_WLB_3_15_degree_P2_500B.npy,14
Sample_WLB_3_22_degree_P1_500B.npy,14
Sample_WLB_3_30_degree_P1_500B.npy,14
Sample_WLB_3_30_degree_P2_500B.npy,14
Sample_WLB_3_45_degree_P1_500B.npy,14
Sample_WLB_3_45_degree_P2_500B.npy,14
Sample_WLB_3_55_degree_P2_500B.npy,14
Sample_WLB_3_65_degree_P1_500B.npy,14
Sample_WLB_3_65_degree_P2_500B.npy,14
Sample_WLB_3_Max_degree_P1_500B.npy,14
Sample_WLB_3_Max_degree_P2_500B.npy,14
Sample_WLB_4_0_degree_P2_500B.npy,14
Sample_WLB_4_10_degree_P1_500B.npy,14
Sample_WLB_4_10_degree_P2_500B.npy,14
Sample_WLB_4_15_degree_P2_500B.npy,14
Sample_WLB_4_22_degree_P1_500B.npy,14
Sample_WLB_4_30_degree_P1_500B.npy,14
Sample_WLB_4_30_degree_P2_500B.npy,14
Sample_WLB_4_45_degree_P1_500B.npy,14
Sample_WLB_4_45_degree_P2_500B.npy,14
Sample_WLB_4_55_degree_P2_500B.npy,14
Sample_WLB_4_65_degree_P1_500B.npy,14
Sample_WLB_4_65_degree_P2_500B.npy,14
Sample_WLB_4_Max_degree_P1_500B.npy,14
Sample_WLB_4_Max_degree_P2_500B.npy,14
Sample_WLB_5_0_degree_P2_500B.npy,14
Sample_WLB_5_10_degree_P1_500B.npy,14
Sample_WLB_5_10_degree_P2_500B.npy,14
Sample_WLB_5_15_degree_P2_500B.npy,14
Sample_WLB_5_22_degree_P1_500B.npy,14
Sample_WLB_5_30_degree_P1_500B.npy,14
Sample_WLB_5_30_degree_P2_500B.npy,14
Sample_WLB_5_45_degree_P1_500B.npy,14
Sample_WLB_5_45_degree_P2_500B.npy,14
Sample_WLB_5_55_degree_P2_500B.npy,14
Sample_WLB_5_65_degree_P1_500B.npy,14
Sample_WLB_5_65_degree_P2_500B.npy,14
Sample_WLB_5_Max_degree_P1_500B.npy,14
Sample_WLB_5_Max_degree_P2_500B.npy,14
Sample_WLB_6_0_degree_P2_500B.npy,14
Sample_WLB_6_10_degree_P2_500B.npy,14
Sample_WLB_6_15_degree_P2_500B.npy,14
Sample_WLB_6_22_degree_P1_500B.npy,14
Sample_WLB_6_30_degree_P1_500B.npy,14
Sample_WLB_6_30_degree_P2_500B.npy,14
Sample_WLB_6_45_degree_P1_500B.npy,14
Sample_WLB_6_45_degree_P2_500B.npy,14
Sample_WLB_6_55_degree_P2_500B.npy,14
Sample_WLB_6_65_degree_P1_500B.npy,14
Sample_WLB_6_65_degree_P2_500B.npy,14
Sample_WLB_6_Max_degree_P1_500B.npy,14
Sample_WLB_6_Max_degree_P2_500B.npy,14
Sample_WLB_7_0_degree_P2_500B.npy,14
Sample_WLB_7_10_degree_P2_500B.npy,14
Sample_WLB_7_15_degree_P2_500B.npy,14
Sample_WLB_7_30_degree_P2_500B.npy,14
Sample_WLB_7_45_degree_P2_500B.npy,14
Sample_WLB_7_55_degree_P2_500B.npy,14
Sample_WLB_7_65_degree_P2_500B.npy,14
Sample_WLB_7_Max_degree_P2_500B.npy,14
Sample_WLB_8_10_degree_P2_500B.npy,14
Sample_WLB_8_15_degree_P2_500B.npy,14
Sample_WLB_8_30_degree_P2_500B.npy,14
Sample_WLB_8_45_degree_P2_500B.npy,14
Sample_WLB_8_55_degree_P2_500B.npy,14
Sample_WLB_8_65_degree_P2_500B.npy,14
Sample_WLD_1_0_degree_P1_500B.npy,15
Sample_WLD_1_0_degree_P2_500B.npy,15
Sample_WLD_1_10_degree_P1_500B.npy,15
Sample_WLD_1_15_degree_P2_500B.npy,15
Sample_WLD_1_22_degree_P1_500B.npy,15
Sample_WLD_1_30_degree_P1_500B.npy,15
Sample_WLD_1_30_degree_P2_500B.npy,15
Sample_WLD_1_45_degree_P1_500B.npy,15
Sample_WLD_1_45_degree_P2_500B.npy,15
Sample_WLD_1_55_degree_P1_500B.npy,15
Sample_WLD_1_55_degree_P2_500B.npy,15
Sample_WLD_1_65_degree_P1_500B.npy,15
Sample_WLD_1_65_degree_P2_500B.npy,15
Sample_WLD_1_Max_degree_P1_500B.npy,15
Sample_WLD_1_Max_degree_P2_500B.npy,15
Sample_WLD_2_0_degree_P1_500B.npy,15
Sample_WLD_2_0_degree_P2_500B.npy,15
Sample_WLD_2_10_degree_P1_500B.npy,15
Sample_WLD_2_15_degree_P2_500B.npy,15
Sample_WLD_2_22_degree_P1_500B.npy,15
Sample_WLD_2_30_degree_P1_500B.npy,15
Sample_WLD_2_30_degree_P2_500B.npy,15
Sample_WLD_2_45_degree_P1_500B.npy,15
Sample_WLD_2_45_degree_P2_500B.npy,15
Sample_WLD_2_55_degree_P1_500B.npy,15
Sample_WLD_2_55_degree_P2_500B.npy,15
Sample_WLD_2_65_degree_P1_500B.npy,15
Sample_WLD_2_65_degree_P2_500B.npy,15
Sample_WLD_2_Max_degree_P1_500B.npy,15
Sample_WLD_2_Max_degree_P2_500B.npy,15
Sample_WLD_3_0_degree_P1_500B.npy,15
Sample_WLD_3_0_degree_P2_500B.npy,15
Sample_WLD_3_10_degree_P1_500B.npy,15
Sample_WLD_3_15_degree_P2_500B.npy,15
Sample_WLD_3_22_degree_P1_500B.npy,15
Sample_WLD_3_30_degree_P1_500B.npy,15
Sample_WLD_3_30_degree_P2_500B.npy,15
Sample_WLD_3_45_degree_P1_500B.npy,15
Sample_WLD_3_45_degree_P2_500B.npy,15
Sample_WLD_3_55_degree_P1_500B.npy,15
Sample_WLD_3_55_degree_P2_500B.npy,15
Sample_WLD_3_65_degree_P1_500B.npy,15
Sample_WLD_3_65_degree_P2_500B.npy,15
Sample_WLD_3_Max_degree_P1_500B.npy,15
Sample_WLD_3_Max_degree_P2_500B.npy,15
Sample_WLD_4_0_degree_P1_500B.npy,15
Sample_WLD_4_0_degree_P2_500B.npy,15
Sample_WLD_4_10_degree_P1_500B.npy,15
Sample_WLD_4_15_degree_P2_500B.npy,15
Sample_WLD_4_22_degree_P1_500B.npy,15
Sample_WLD_4_30_degree_P1_500B.npy,15
Sample_WLD_4_30_degree_P2_500B.npy,15
Sample_WLD_4_45_degree_P1_500B.npy,15
Sample_WLD_4_45_degree_P2_500B.npy,15
Sample_WLD_4_55_degree_P1_500B.npy,15
Sample_WLD_4_55_degree_P2_500B.npy,15
Sample_WLD_4_65_degree_P1_500B.npy,15
Sample_WLD_4_65_degree_P2_500B.npy,15
Sample_WLD_4_Max_degree_P1_500B.npy,15
Sample_WLD_4_Max_degree_P2_500B.npy,15
Sample_WLD_5_0_degree_P1_500B.npy,15
Sample_WLD_5_0_degree_P2_500B.npy,15
Sample_WLD_5_10_degree_P1_500B.npy,15
Sample_WLD_5_15_degree_P2_500B.npy,15
Sample_WLD_5_22_degree_P1_500B.npy,15
Sample_WLD_5_30_degree_P1_500B.npy,15
Sample_WLD_5_30_degree_P2_500B.npy,15
Sample_WLD_5_45_degree_P1_500B.npy,15
Sample_WLD_5_45_degree_P2_500B.npy,15
Sample_WLD_5_55_degree_P1_500B.npy,15
Sample_WLD_5_55_degree_P2_500B.npy,15
Sample_WLD_5_65_degree_P1_500B.npy,15
Sample_WLD_5_65_degree_P2_500B.npy,15
Sample_WLD_5_Max_degree_P1_500B.npy,15
Sample_WLD_5_Max_degree_P2_500B.npy,15
Sample_WLD_6_0_degree_P2_500B.npy,15
Sample_WLD_6_15_degree_P2_500B.npy,15
Sample_WLD_6_30_degree_P2_500B.npy,15
Sample_WLD_6_45_degree_P2_500B.npy,15
Sample_WLD_6_55_degree_P2_500B.npy,15
Sample_WLD_6_65_degree_P2_500B.npy,15
Sample_WLD_6_Max_degree_P2_500B.npy,15
Sample_WLD_7_0_degree_P2_500B.npy,15
Sample_WLD_7_15_degree_P2_500B.npy,15
Sample_WLD_7_30_degree_P2_500B.npy,15
Sample_WLD_7_45_degree_P2_500B.npy,15
Sample_WLD_7_55_degree_P2_500B.npy,15
Sample_WLD_7_65_degree_P2_500B.npy,15
Sample_WLD_7_Max_degree_P2_500B.npy,15
Sample_WLD_8_30_degree_P2_500B.npy,15
Sample_WLD_8_45_degree_P2_500B.npy,15
Sample_WLD_8_55_degree_P2_500B.npy,15
Sample_WLD_8_65_degree_P2_500B.npy,15
Sample_WLD_8_Max_degree_P2_500B.npy,15
Sample_WLU_1_0_degree_P1_500B.npy,16
Sample_WLU_1_0_degree_P2_500B.npy,16
Sample_WLU_1_10_degree_P1_500B.npy,16
Sample_WLU_1_15_degree_P2_500B.npy,16
Sample_WLU_1_22_degree_P1_500B.npy,16
Sample_WLU_1_30_degree_P1_500B.npy,16
Sample_WLU_1_30_degree_P2_500B.npy,16
Sample_WLU_1_45_degree_P1_500B.npy,16
Sample_WLU_1_45_degree_P2_500B.npy,16
Sample_WLU_1_55_degree_P1_500B.npy,16
Sample_WLU_1_55_degree_P2_500B.npy,16
Sample_WLU_1_65_degree_P1_500B.npy,16
Sample_WLU_1_65_degree_P2_500B.npy,16
Sample_WLU_1_Max_degree_P1_500B.npy,16
Sample_WLU_1_Max_degree_P2_500B.npy,16
Sample_WLU_2_0_degree_P1_500B.npy,16
Sample_WLU_2_0_degree_P2_500B.npy,16
Sample_WLU_2_10_degree_P1_500B.npy,16
Sample_WLU_2_15_degree_P2_500B.npy,16
Sample_WLU_2_22_degree_P1_500B.npy,16
Sample_WLU_2_30_degree_P1_500B.npy,16
Sample_WLU_2_30_degree_P2_500B.npy,16
Sample_WLU_2_45_degree_P1_500B.npy,16
Sample_WLU_2_45_degree_P2_500B.npy,16
Sample_WLU_2_55_degree_P1_500B.npy,16
Sample_WLU_2_55_degree_P2_500B.npy,16
Sample_WLU_2_65_degree_P1_500B.npy,16
Sample_WLU_2_65_degree_P2_500B.npy,16
Sample_WLU_2_Max_degree_P1_500B.npy,16
Sample_WLU_2_Max_degree_P2_500B.npy,16
Sample_WLU_3_0_degree_P1_500B.npy,16
Sample_WLU_3_0_degree_P2_500B.npy,16
Sample_WLU_3_10_degree_P1_500B.npy,16
Sample_WLU_3_15_degree_P2_500B.npy,16
Sample_WLU_3_22_degree_P1_500B.npy,16
Sample_WLU_3_30_degree_P1_500B.npy,16
Sample_WLU_3_30_degree_P2_500B.npy,16
Sample_WLU_3_45_degree_P1_500B.npy,16
Sample_WLU_3_45_degree_P2_500B.npy,16
Sample_WLU_3_55_degree_P1_500B.npy,16
Sample_WLU_3_55_degree_P2_500B.npy,16
Sample_WLU_3_65_degree_P1_500B.npy,16
Sample_WLU_3_65_degree_P2_500B.npy,16
Sample_WLU_3_Max_degree_P1_500B.npy,16
Sample_WLU_3_Max_degree_P2_500B.npy,16
Sample_WLU_4_0_degree_P1_500B.npy,16
Sample_WLU_4_0_degree_P2_500B.npy,16
Sample_WLU_4_10_degree_P1_500B.npy,16
Sample_WLU_4_15_degree_P2_500B.npy,16
Sample_WLU_4_22_degree_P1_500B.npy,16
Sample_WLU_4_30_degree_P1_500B.npy,16
Sample_WLU_4_30_degree_P2_500B.npy,16
Sample_WLU_4_45_degree_P1_500B.npy,16
Sample_WLU_4_45_degree_P2_500B.npy,16
Sample_WLU_4_55_degree_P1_500B.npy,16
Sample_WLU_4_55_degree_P2_500B.npy,16
Sample_WLU_4_65_degree_P1_500B.npy,16
Sample_WLU_4_65_degree_P2_500B.npy,16
Sample_WLU_4_Max_degree_P1_500B.npy,16
Sample_WLU_4_Max_degree_P2_500B.npy,16
Sample_WLU_5_0_degree_P1_500B.npy,16
Sample_WLU_5_0_degree_P2_500B.npy,16
Sample_WLU_5_10_degree_P1_500B.npy,16
Sample_WLU_5_15_degree_P2_500B.npy,16
Sample_WLU_5_22_degree_P1_500B.npy,16
Sample_WLU_5_30_degree_P1_500B.npy,16
Sample_WLU_5_30_degree_P2_500B.npy,16
Sample_WLU_5_45_degree_P1_500B.npy,16
Sample_WLU_5_45_degree_P2_500B.npy,16
Sample_WLU_5_55_degree_P1_500B.npy,16
Sample_WLU_5_55_degree_P2_500B.npy,16
Sample_WLU_5_65_degree_P1_500B.npy,16
Sample_WLU_5_65_degree_P2_500B.npy,16
Sample_WLU_5_Max_degree_P1_500B.npy,16
Sample_WLU_5_Max_degree_P2_500B.npy,16
Sample_WLU_6_0_degree_P2_500B.npy,16
Sample_WLU_6_15_degree_P2_500B.npy,16
Sample_WLU_6_30_degree_P2_500B.npy,16
Sample_WLU_6_45_degree_P2_500B.npy,16
Sample_WLU_6_55_degree_P2_500B.npy,16
Sample_WLU_6_65_degree_P2_500B.npy,16
Sample_WLU_6_Max_degree_P2_500B.npy,16
Sample_WLU_7_0_degree_P2_500B.npy,16
Sample_WLU_7_15_degree_P2_500B.npy,16
Sample_WLU_7_30_degree_P2_500B.npy,16
Sample_WLU_7_45_degree_P2_500B.npy,16
Sample_WLU_7_55_degree_P2_500B.npy,16
Sample_WLU_7_65_degree_P2_500B.npy,16
Sample_WLU_7_Max_degree_P2_500B.npy,16
Sample_WLU_8_0_degree_P2_500B.npy,16
Sample_WLU_8_30_degree_P2_500B.npy,16
Sample_WLU_8_45_degree_P2_500B.npy,16
Sample_WLU_8_55_degree_P2_500B.npy,16
Sample_WLU_8_65_degree_P2_500B.npy,16
